{"train_top_1_error": [], "train_loss": [], "val_top_1_error": [], "val_loss": [], "test_top_1_error": [], "test_loss": [], "epoch": [], "labels": [], "total_train_time": [], "total_test_time": [], "model_loss": [], "num_val_steps": [], "num_test_steps": [], "base_example_labels": [16.0, 23.0, 8.0, 24.0, 6.0, 11.0, 3.0, 10.0, 10.0, 18.0, 17.0, 24.0, 17.0, 6.0, 16.0, 23.0, 18.0, 8.0, 6.0, 3.0, 6.0, 16.0, 17.0, 8.0, 17.0, 18.0, 8.0, 24.0, 24.0, 23.0, 8.0, 6.0, 11.0, 23.0, 16.0, 11.0, 18.0, 8.0, 17.0, 6.0, 16.0, 23.0, 23.0, 24.0, 23.0, 3.0, 17.0, 23.0, 17.0, 17.0, 6.0, 24.0, 11.0, 11.0, 23.0, 16.0, 3.0, 6.0, 23.0, 11.0, 24.0, 17.0, 18.0, 11.0, 16.0, 18.0, 3.0, 8.0, 17.0, 11.0, 10.0, 18.0, 24.0, 10.0, 18.0, 16.0, 3.0, 10.0, 11.0, 8.0, 24.0, 6.0, 24.0, 3.0, 11.0, 18.0, 18.0, 3.0, 16.0, 6.0, 8.0, 10.0, 8.0, 16.0, 10.0, 3.0, 10.0, 3.0, 10.0, 10.0]}