{
    "application_name": "fcnet_42",
    "optimization_objectives": ["Value"],
    "optimization_iterations": 300,
    "optimization_method": "prior_optimization",
    "models": {
        "model": "gaussian_process"
    },
    "prior_estimation_file": "prior_data/fcnet_prior.csv",
    "design_of_experiment": {
        "number_of_samples": 7
    },
    "input_parameters": {
        "x0": {
            "parameter_type": "real",
            "values": [0, 1],
            "prior": "estimate"
        },
        "x1": {
            "parameter_type": "real",
            "values": [0, 1],
            "prior": "estimate"
        },
        "x2": {
            "parameter_type": "real",
            "values": [0, 1],
            "prior": "estimate"
        },
        "x3": {
            "parameter_type": "real",
            "values": [0, 1],
            "prior": "estimate"
        },
        "x4": {
            "parameter_type": "real",
            "values": [0, 1],
            "prior": "estimate"
        },
        "x5": {
            "parameter_type": "real",
            "values": [0, 1],
            "prior": "estimate"
        }
    }
}