{
    "application_name": "svm_42",
    "optimization_objectives": ["Value"],
    "optimization_iterations": 200,
    "optimization_method": "prior_optimization",
    "models": {
        "model": "gaussian_process"
    },
    "prior_estimation_file": "prior_data/svm_prior.csv",
    "design_of_experiment": {
        "number_of_samples": 3
    },
    "input_parameters": {
        "x0": {
            "parameter_type": "real",
            "values": [0,1],
            "prior": "estimate"
        },
        "x1": {
            "parameter_type": "real",
            "values": [0, 1],
            "prior": "estimate"
        }
    }
}