{
    "application_name": "branin",
    "optimization_objectives": ["Value"],
    "design_of_experiment": {
        "number_of_samples": 3
    },
    "optimization_iterations": 200,
    "prior_estimation_file": "prior_data/branin_prior.csv",
    "input_parameters" : {
        "x1": {
            "parameter_type" : "real",
            "values" : [-5, 10],
            "prior": "estimate"
        },
        "x2": {
            "parameter_type" : "real",
            "values" : [0, 15],
            "prior": "estimate"
        }
    }
}
